{"initial_reset_timestamp": 1578391933.6225624, "timestamps": [1578391942.5975769, 1578391943.022263, 1578391943.1511626, 1578391943.6107886, 1578391944.2912588, 1578391952.8396225, 1578391953.2443078, 1578392061.3251967, 1578392062.3503828, 1578392065.6538262, 1578392066.671032, 1578392067.2206092, 1578392070.5721576, 1578392079.4502604, 1578392079.9318745, 1578392204.9312246, 1578392206.056348, 1578392210.2441068, 1578392211.3881989, 1578392212.028701, 1578392216.0252745, 1578392225.5438662, 1578392226.042478, 1578392341.7042923, 1578392350.0611763, 1578392350.398914, 1578392350.5328104, 1578392351.0838428, 1578392351.8119605, 1578392361.2750206, 1578392361.7412248, 1578392485.7016819, 1578392486.6290476, 1578392490.2088604, 1578392491.3249798, 1578392491.9125342, 1578392495.3468497, 1578392496.3290863, 1578392499.7334359, 1578392500.7446492, 1578392501.294238, 1578392504.859447, 1578392514.6608195, 1578392515.0924833, 1578392636.43776, 1578392646.2269845, 1578392646.6532192, 1578392760.9399943, 1578392761.8690374, 1578392765.196821], "episode_lengths": [1445, 64, 21, 87, 126, 1718, 81, 22193, 166, 638, 201, 107, 671, 1718, 81, 22193, 166, 638, 201, 107, 671, 1718, 81, 22193, 1445, 64, 21, 87, 126, 1718, 81, 22193, 166, 638, 201, 107, 671, 166, 638, 201, 107, 671, 1718, 81, 22193, 1718, 81, 22193, 166, 638], "episode_rewards": [397.0, 4.0, 0.0, 9.0, 2.0, 268.0, 18.0, 64.0, 3.0, 26.0, 8.0, 13.0, 156.0, 268.0, 18.0, 64.0, 3.0, 26.0, 8.0, 13.0, 156.0, 268.0, 18.0, 64.0, 397.0, 4.0, 0.0, 9.0, 2.0, 268.0, 18.0, 64.0, 3.0, 26.0, 8.0, 13.0, 156.0, 3.0, 26.0, 8.0, 13.0, 156.0, 268.0, 18.0, 64.0, 268.0, 18.0, 64.0, 3.0, 26.0], "episode_types": ["t", "t", "t", "t", "t", "t", "t", "t", "t", "t", "t", "t", "t", "t", "t", "t", "t", "t", "t", "t", "t", "t", "t", "t", "t", "t", "t", "t", "t", "t", "t", "t", "t", "t", "t", "t", "t", "t", "t", "t", "t", "t", "t", "t", "t", "t", "t", "t", "t", "t"]}