{"initial_reset_timestamp": 1578174366.2571547, "timestamps": [1578174377.0074527, 1578174385.0893242, 1578174393.146366, 1578174401.0142117, 1578174409.5642726, 1578174417.4507084, 1578174425.4449005, 1578174433.9487557, 1578174443.839659, 1578174451.59131], "episode_lengths": [998, 998, 998, 998, 998, 998, 998, 998, 998, 998], "episode_rewards": [70.0, 70.0, 70.0, 70.0, 70.0, 70.0, 70.0, 70.0, 70.0, 70.0], "episode_types": ["t", "t", "t", "t", "t", "t", "t", "t", "t", "t"]}