{"initial_reset_timestamp": 1578175570.514089, "timestamps": [1578175578.1947932, 1578175585.223436, 1578175588.7436628, 1578175592.2160697, 1578175595.6884224, 1578175599.3127203, 1578175602.9934523, 1578175607.0005221, 1578175614.6993234, 1578175618.2851763, 1578175621.757169, 1578175625.2712898, 1578175628.7480137, 1578175632.2659504, 1578175635.7714822, 1578175639.2661474, 1578175642.7862349, 1578175646.2571487, 1578175649.7702522, 1578175653.251194], "episode_lengths": [500, 500, 500, 500, 500, 500, 500, 500, 500, 500, 500, 500, 500, 500, 500, 500, 500, 500, 500, 500], "episode_rewards": [500.0, 500.0, 500.0, 500.0, 500.0, 500.0, 500.0, 500.0, 500.0, 500.0, 500.0, 500.0, 500.0, 500.0, 500.0, 500.0, 500.0, 500.0, 500.0, 500.0], "episode_types": ["t", "t", "t", "t", "t", "t", "t", "t", "t", "t", "t", "t", "t", "t", "t", "t", "t", "t", "t", "t"]}