{"initial_reset_timestamp": 1578390554.1955009, "timestamps": [1578390560.594602, 1578390561.071033, 1578390623.5558956, 1578390628.471314, 1578390628.7052307, 1578390692.781061, 1578390693.2738168, 1578390695.137754, 1578390696.0239968, 1578390696.365895, 1578390698.2981708, 1578390698.7942727, 1578390700.6404767, 1578390701.2145944, 1578390701.5289297, 1578390703.4202483, 1578390703.9177768, 1578390705.7601485, 1578390706.3298743, 1578390706.6327019, 1578390708.5498905, 1578390712.7235203, 1578390712.904131, 1578390712.9692519, 1578390713.221495, 1578390713.5818057, 1578390717.699986, 1578390718.0753078, 1578390718.1595385, 1578390718.4075975, 1578390718.7580104, 1578390722.85574, 1578390723.039805, 1578390723.101581, 1578390723.3552308, 1578390723.7140243, 1578390724.215277, 1578390726.039484, 1578390726.6638098, 1578390727.0033262, 1578390729.0976076, 1578390734.465224, 1578390734.7127504, 1578390795.7907598, 1578390796.276604, 1578390798.0788474, 1578390798.6463223, 1578390798.9532075, 1578390800.8847473, 1578390801.3870227], "episode_types": ["t", "t", "t", "t", "t", "t", "t", "t", "t", "t", "t", "t", "t", "t", "t", "t", "t", "t", "t", "t", "t", "t", "t", "t", "t", "t", "t", "t", "t", "t", "t", "t", "t", "t", "t", "t", "t", "t", "t", "t", "t", "t", "t", "t", "t", "t", "t", "t", "t", "t"], "episode_rewards": [82.0, 3.0, 10.0, 82.0, 3.0, 10.0, 3.0, 20.0, 5.0, 4.0, 39.0, 3.0, 20.0, 5.0, 4.0, 39.0, 3.0, 20.0, 5.0, 4.0, 39.0, 94.0, 1.0, 0.0, 3.0, 2.0, 94.0, 1.0, 0.0, 3.0, 2.0, 94.0, 1.0, 0.0, 3.0, 2.0, 3.0, 20.0, 5.0, 4.0, 39.0, 82.0, 3.0, 10.0, 3.0, 20.0, 5.0, 4.0, 39.0, 3.0], "episode_lengths": [1718, 81, 22193, 1718, 81, 22193, 166, 638, 201, 107, 671, 166, 638, 201, 107, 671, 166, 638, 201, 107, 671, 1445, 64, 21, 87, 126, 1445, 64, 21, 87, 126, 1445, 64, 21, 87, 126, 166, 638, 201, 107, 671, 1718, 81, 22193, 166, 638, 201, 107, 671, 166]}