{"timestamps": [1578316112.2009254, 1578316113.946982, 1578316114.9397466, 1578316115.007101, 1578316115.0723305, 1578316117.7103705, 1578316118.1651728, 1578316118.3646498, 1578316119.752359, 1578316120.1624484, 1578316122.0142224, 1578316123.294764, 1578316124.2514272, 1578316124.3241432, 1578316124.3948097, 1578316127.091761, 1578316127.1549184, 1578316127.512435, 1578316128.2315028, 1578316128.7257292, 1578316131.4230692, 1578316131.883444, 1578316132.0901914, 1578316133.0972743, 1578316133.4868174, 1578316136.181007, 1578316136.632726, 1578316137.0296242, 1578316138.16274, 1578316138.5855072, 1578316141.507358, 1578316141.5710669, 1578316141.9675782, 1578316142.751473, 1578316143.2951515, 1578316146.2786536, 1578316146.3509476, 1578316146.7586243, 1578316147.5575905, 1578316148.0942671, 1578316151.067531, 1578316151.565434, 1578316151.7854233, 1578316152.785227, 1578316153.1727939, 1578316155.9049816, 1578316155.9653864, 1578316156.3325908], "episode_types": ["t", "t", "t", "t", "t", "t", "t", "t", "t", "t", "t", "t", "t", "t", "t", "t", "t", "t", "t", "t", "t", "t", "t", "t", "t", "t", "t", "t", "t", "t", "t", "t", "t", "t", "t", "t", "t", "t", "t", "t", "t", "t", "t", "t", "t", "t", "t", "t", "t"], "episode_lengths": [651, 444, 337, 23, 23, 937, 158, 71, 349, 135, 651, 444, 337, 23, 23, 947, 21, 126, 252, 170, 937, 158, 71, 349, 135, 937, 158, 71, 349, 135, 947, 21, 126, 252, 170, 947, 21, 126, 252, 170, 937, 158, 71, 349, 135, 947, 21, 126], "episode_rewards": [20.0, 19.0, 26.0, 0.0, 0.0, 32.0, 6.0, 1.0, 13.0, 6.0, 20.0, 19.0, 26.0, 0.0, 0.0, 36.0, 0.0, 4.0, 9.0, 8.0, 32.0, 6.0, 1.0, 13.0, 6.0, 32.0, 6.0, 1.0, 13.0, 6.0, 36.0, 0.0, 4.0, 9.0, 8.0, 36.0, 0.0, 4.0, 9.0, 8.0, 32.0, 6.0, 1.0, 13.0, 6.0, 36.0, 0.0, 4.0], "initial_reset_timestamp": 1578316109.3669863}